Date,Open,High,Low,Close,Total Trade Quantity
2014-01-17,31.0,31.0,30.5,30.65,123045.0
2014-01-20,31.95,31.95,30.5,30.65,135720.0
2014-01-21,30.65,31.05,30.55,30.7,87960.0
2014-01-22,30.65,30.95,30.55,30.9,75952.0
2014-01-23,30.85,30.95,30.5,30.65,65938.0
2014-01-24,30.6,31.0,30.55,30.8,118391.0
2014-01-27,30.75,31.0,30.5,30.7,114573.0
2014-01-28,30.65,31.1,30.4,30.75,88522.0
2014-01-29,31.55,31.75,30.55,31.0,39672.0
2014-01-30,30.95,31.5,30.6,30.8,52105.0
2014-01-31,30.7,32.9,30.65,31.0,120502.0
2014-02-03,31.55,31.6,30.5,30.75,98458.0
2014-02-04,30.85,32.0,30.55,31.2,79541.0
2014-02-05,31.35,31.35,30.85,31.1,78935.0
2014-02-06,31.35,31.75,30.75,31.6,112418.0
2014-02-07,32.2,32.9,31.35,32.55,114058.0
2014-02-10,33.0,33.0,31.35,31.85,85995.0
2014-02-11,31.55,33.0,31.25,32.05,68512.0
2014-02-12,32.3,32.35,30.9,31.1,66013.0
2014-02-13,31.3,31.7,30.4,30.5,84724.0
2014-02-14,30.55,31.0,30.3,30.45,120456.0
2014-02-17,30.95,30.95,30.4,30.5,78808.0
2014-02-18,30.85,30.85,30.2,30.3,114090.0
2014-02-19,30.55,30.95,30.35,30.35,99548.0
2014-02-20,30.5,30.8,30.2,30.25,111713.0
2014-02-21,30.45,30.55,30.25,30.35,79364.0
2014-02-24,30.7,30.7,30.3,30.35,64704.0
2014-02-25,30.8,30.8,30.25,30.45,84395.0
2014-02-26,30.35,30.7,30.25,30.3,120413.0
2014-02-28,30.45,30.5,30.25,30.35,120452.0
2014-03-03,30.5,30.75,30.2,30.3,106759.0
2014-03-04,30.5,30.55,30.2,30.3,142558.0
2014-03-05,30.45,30.55,30.1,30.2,115527.0
2014-03-06,30.4,31.55,30.1,30.65,96092.0
2014-03-07,30.35,30.9,30.3,30.45,95895.0
2014-03-10,30.25,36.5,30.25,30.7,129845.0
2014-03-11,30.4,33.8,30.4,31.25,95256.0
2014-03-12,31.25,31.3,30.7,30.95,79170.0
2014-03-13,30.6,31.45,30.5,30.6,97616.0
2014-03-14,30.9,30.9,30.2,30.3,102715.0
2014-03-18,30.3,30.8,30.25,30.3,91607.0
2014-03-19,30.3,30.8,30.1,30.3,116507.0
2014-03-20,30.3,30.45,30.2,30.25,96068.0
2014-03-21,33.0,33.0,30.2,30.55,69031.0
2014-03-22,30.3,30.35,30.2,30.2,21252.0
2014-03-24,30.2,30.75,30.15,30.2,105173.0
2014-03-25,30.4,30.55,30.1,30.2,194042.0
2014-03-26,31.0,31.0,30.1,30.2,115296.0
2014-03-27,30.6,30.6,30.1,30.15,119923.0
2014-03-28,30.5,30.75,30.2,30.5,98197.0
2014-03-31,30.75,32.35,30.4,31.15,150009.0
2014-04-01,31.8,31.8,30.75,30.85,76530.0
2014-04-02,31.5,33.1,30.75,31.45,175142.0
2014-04-03,31.5,32.0,30.6,31.6,133125.0
2014-04-04,31.0,31.9,30.45,31.35,218507.0
2014-04-07,31.4,32.0,31.0,31.2,67153.0
2014-04-09,31.6,32.3,31.55,31.65,66578.0
2014-04-10,31.75,32.0,31.0,31.8,59139.0
2014-04-11,31.6,31.7,31.1,31.15,75816.0
2014-04-15,31.25,31.75,30.6,30.75,77661.0
2014-04-16,30.9,31.4,30.45,30.5,304365.0
2014-04-17,30.55,32.0,30.55,31.45,88005.0
2014-04-21,31.7,32.0,31.3,31.85,156380.0
2014-04-22,31.9,32.0,31.55,31.85,94809.0
2014-04-23,31.8,36.4,31.7,33.65,490250.0
2014-04-25,33.8,37.4,32.0,36.05,327685.0
2014-04-28,37.0,37.65,35.55,36.45,148430.0
2014-04-29,37.3,37.45,34.2,34.9,81139.0
2014-04-30,35.9,35.9,32.7,33.6,73705.0
2014-05-02,33.1,34.5,33.0,33.25,58616.0
2014-05-05,33.5,34.0,32.55,32.8,58164.0
2014-05-06,33.5,33.75,32.75,33.0,44549.0
2014-05-07,33.1,33.5,32.6,32.85,38497.0
2014-05-08,33.1,33.35,32.55,32.85,97951.0
2014-05-09,32.5,33.45,32.25,32.9,99603.0
2014-05-12,33.3,33.45,32.55,32.8,144198.0
2014-05-13,33.4,33.4,32.5,32.85,89972.0
2014-05-14,33.4,35.6,32.65,34.3,125856.0
2014-05-15,35.0,35.0,32.5,32.85,103596.0
2014-05-16,34.45,34.45,32.5,32.9,87059.0
2014-05-19,32.6,35.45,32.6,34.3,107751.0
2014-05-20,34.5,35.45,33.5,34.95,89320.0
2014-05-21,36.0,36.2,34.0,35.75,106401.0
2014-05-22,36.0,37.9,35.6,36.95,181462.0
2014-05-23,38.35,38.35,36.1,37.35,91009.0
2014-05-26,38.0,38.0,34.55,34.95,83279.0
2014-05-27,34.7,34.8,33.3,33.7,89227.0
2014-05-28,35.0,35.0,34.0,34.5,52160.0
2014-05-29,35.55,35.6,33.4,34.1,87778.0
2014-05-30,34.9,34.9,33.05,33.95,113049.0
2014-06-02,33.0,34.4,33.0,33.75,29888.0
2014-06-03,34.5,36.8,33.4,36.3,168481.0
2014-06-04,36.85,38.1,36.0,36.4,80799.0
2014-06-05,37.4,38.5,36.0,37.55,178300.0
2014-06-06,38.0,39.5,36.7,37.2,123673.0
2014-06-09,38.6,38.7,37.2,37.45,81596.0
2014-06-10,37.9,38.0,36.35,36.75,117055.0
2014-06-11,36.75,37.8,35.4,35.9,73931.0
2014-06-12,35.9,37.8,34.4,36.1,105368.0
2014-06-13,35.15,36.45,34.25,34.5,81821.0
2014-06-16,34.2,36.9,34.2,34.85,57837.0
2014-06-17,34.45,35.6,34.1,35.0,81963.0
2014-06-18,35.5,35.8,34.3,34.65,84917.0
2014-06-19,35.4,35.4,34.5,34.8,81135.0
2014-06-20,34.55,35.0,34.4,34.85,100076.0
2014-06-23,35.25,35.25,34.0,34.5,73479.0
2014-06-24,34.15,34.85,33.7,34.15,70568.0
2014-06-25,34.6,35.9,33.75,35.2,107660.0
2014-06-26,35.2,42.0,35.2,36.05,108069.0
2014-06-27,37.0,37.8,35.25,36.9,100653.0
2014-06-30,36.85,36.85,35.1,36.3,80306.0
2014-07-01,36.5,36.95,35.45,35.95,115064.0
2014-07-02,36.1,36.9,36.1,36.45,55501.0
2014-07-03,36.9,36.9,35.2,35.35,14082.0
2014-07-04,35.3,35.8,35.0,35.2,77052.0
2014-07-07,36.25,36.5,34.1,34.55,105834.0
2014-07-08,35.25,35.25,34.05,34.05,75842.0
2014-07-09,33.9,34.7,33.0,33.65,90840.0
2014-07-10,34.4,34.45,33.0,33.55,77560.0
2014-07-11,34.2,34.2,32.8,33.15,92784.0
2014-07-14,33.1,34.3,32.7,32.85,91053.0
2014-07-15,33.9,33.9,32.7,33.0,106244.0
2014-07-16,33.2,33.85,32.8,33.15,65338.0
2014-07-17,33.5,33.7,32.95,33.1,101985.0
2014-07-18,32.8,33.45,32.75,33.05,81976.0
2014-07-21,33.2,33.3,32.85,32.95,64896.0
2014-07-22,33.1,36.35,32.85,35.1,138561.0
2014-07-23,34.5,34.75,33.25,33.65,37431.0
2014-07-24,33.5,35.4,32.9,33.05,87920.0
2014-07-25,33.05,33.6,32.5,32.75,82886.0
2014-07-28,33.0,33.2,32.0,32.45,47305.0
2014-07-30,32.5,32.6,31.15,31.35,86912.0
2014-07-31,32.5,32.5,31.25,31.55,68827.0
2014-08-01,31.6,32.7,30.8,31.25,74212.0
2014-08-04,31.9,31.95,31.0,31.5,67940.0
2014-08-05,31.85,31.9,31.2,31.5,99412.0
2014-08-06,31.5,31.9,31.05,31.15,77338.0
2014-08-07,31.3,31.9,31.0,31.1,96285.0
2014-08-08,31.0,31.55,30.95,31.1,50441.0
2014-08-11,31.25,32.0,31.0,31.45,84565.0
2014-08-12,31.1,32.0,31.1,31.45,36731.0
2014-08-13,31.1,31.65,31.0,31.15,70570.0
2014-08-14,31.45,32.0,31.0,31.25,66894.0
2014-08-18,31.5,31.5,31.0,31.2,67060.0
2014-08-19,31.25,31.65,31.15,31.4,57041.0
2014-08-20,31.2,31.6,31.15,31.25,58752.0
2014-08-21,31.05,32.0,31.0,31.45,84371.0
2014-08-22,31.3,31.55,30.8,31.1,93547.0
2014-08-25,30.8,31.5,30.7,31.05,66118.0
2014-08-26,30.6,31.3,30.6,30.95,56390.0
2014-08-27,31.3,31.4,30.65,30.95,67729.0
2014-08-28,31.1,36.0,31.0,33.95,265657.0
2014-09-01,34.3,35.35,32.05,34.5,53094.0
2014-09-02,34.8,34.85,33.5,33.7,48441.0
2014-09-03,34.9,34.9,32.5,32.85,53483.0
2014-09-04,33.0,33.45,31.0,31.95,94219.0
2014-09-05,32.5,32.75,31.55,31.95,109866.0
2014-09-08,32.4,33.3,31.9,32.9,64430.0
2014-09-09,32.95,33.1,31.4,31.75,70164.0
2014-09-10,31.3,32.9,31.3,31.9,70705.0
2014-09-11,32.3,33.0,32.0,32.8,72036.0
2014-09-12,32.9,35.8,31.8,34.25,99920.0
2014-09-15,34.0,34.95,32.1,33.55,74885.0
2014-09-16,33.4,34.0,31.6,32.0,65744.0
2014-09-17,32.8,32.8,31.5,31.65,68791.0
2014-09-18,31.95,32.4,31.5,32.1,76940.0
2014-09-19,32.5,32.5,31.7,31.9,91832.0
2014-09-22,31.6,32.2,31.5,31.95,65455.0
2014-09-23,31.8,32.3,31.0,31.5,59780.0
2014-09-24,31.6,31.75,30.8,31.0,84153.0
2014-09-25,31.0,31.45,30.5,30.8,66380.0
2014-09-26,30.55,31.0,30.2,30.5,91300.0
2014-09-29,30.55,30.9,30.35,30.45,49883.0
2014-09-30,30.8,30.8,30.3,30.4,51176.0
2014-10-01,30.5,30.7,30.2,30.45,81100.0
2014-10-07,30.55,31.0,30.3,30.5,76015.0
2014-10-08,30.65,30.65,30.35,30.45,49421.0
2014-10-09,30.65,30.75,30.3,30.4,67789.0
2014-10-10,30.3,30.65,30.2,30.3,71402.0
2014-10-13,30.9,30.9,30.25,30.35,55492.0
2014-10-14,30.55,30.55,30.25,30.3,59124.0
2014-10-16,30.3,30.75,30.3,30.45,67661.0
2014-10-17,30.5,30.85,30.2,30.3,64711.0
2014-10-20,30.25,30.9,30.25,30.3,42145.0
2014-10-21,30.35,32.2,30.35,31.95,95544.0
2014-10-22,32.0,32.4,31.15,31.45,53604.0
2014-10-23,31.75,32.0,30.7,31.3,17929.0
2014-10-27,32.0,32.0,31.15,31.45,28589.0
2014-10-28,31.25,31.65,30.7,31.1,43319.0
2014-10-29,31.05,31.45,30.7,30.85,54443.0
2014-10-30,31.0,31.6,30.4,30.75,78925.0
2014-10-31,30.8,32.4,30.7,31.15,62519.0
2014-11-03,31.2,31.45,30.65,30.85,78511.0
2014-11-05,30.6,31.3,30.6,30.85,71721.0
2014-11-07,31.1,31.15,30.6,30.65,61069.0
2014-11-10,31.65,31.65,30.6,30.85,59018.0
2014-11-11,31.0,31.6,30.6,30.7,72810.0
2014-11-12,31.05,31.05,30.65,30.7,38757.0
2014-11-13,30.5,30.85,30.5,30.75,46513.0
2014-11-14,30.9,30.9,30.6,30.65,55098.0
2014-11-17,30.95,30.95,30.5,30.55,46090.0
2014-11-18,30.9,30.9,30.5,30.6,55038.0
2014-11-19,30.8,30.85,30.5,30.55,74178.0
2014-11-20,30.75,31.0,30.45,30.45,93194.0
2014-11-21,30.5,30.8,30.4,30.5,23397.0
2014-11-24,30.5,30.85,30.25,30.75,39716.0
2014-11-25,31.0,32.0,30.55,31.1,69230.0
2014-11-26,31.25,31.4,30.5,30.85,73875.0
2014-11-27,31.05,31.05,30.5,30.7,53867.0
2014-11-28,30.9,30.9,30.3,30.55,38144.0
2014-12-01,30.35,31.95,30.35,30.5,77949.0
2014-12-02,30.7,30.8,30.25,30.4,48014.0
2014-12-03,30.3,30.65,30.3,30.35,26953.0
2014-12-04,30.55,30.55,30.2,30.35,31939.0
2014-12-05,31.5,31.5,30.25,30.3,65322.0
2014-12-08,30.3,30.5,30.25,30.25,58700.0
2014-12-09,30.5,30.6,30.15,30.2,51268.0
2014-12-10,30.25,30.5,30.1,30.15,54747.0
2014-12-11,30.25,30.5,30.15,30.15,78919.0
2014-12-12,30.45,30.5,30.15,30.25,65307.0
2014-12-15,30.2,31.3,30.2,30.2,47813.0
2014-12-16,30.4,30.4,30.0,30.1,81793.0
2014-12-17,30.0,30.4,27.8,30.25,185652.0
2014-12-18,30.65,30.95,30.15,30.3,127735.0
2014-12-19,30.45,30.45,30.1,30.2,41186.0
2014-12-22,30.5,30.5,30.1,30.15,51823.0
2014-12-23,30.4,30.9,30.1,30.3,119006.0
2014-12-24,30.5,30.5,30.15,30.25,91034.0
2014-12-26,30.4,30.4,30.1,30.2,98753.0
2014-12-29,30.35,30.4,30.1,30.2,55993.0
2014-12-30,30.35,31.4,30.15,30.9,75329.0
2014-12-31,31.0,31.35,30.35,30.6,84117.0
2015-01-01,30.45,31.0,30.25,30.4,37604.0
2015-01-02,30.4,30.95,30.35,30.75,76443.0
2015-01-05,30.9,31.4,30.4,30.85,32024.0
2015-01-06,30.85,30.9,30.2,30.25,58283.0
2015-01-07,30.25,30.55,30.25,30.35,53013.0
2015-01-08,30.85,31.0,30.4,30.9,39491.0
2015-01-09,31.0,31.0,30.35,30.6,20967.0
2015-01-12,30.75,36.7,30.35,36.7,255207.0
2015-01-13,37.0,44.0,37.0,43.85,792926.0
2015-01-14,45.4,46.9,43.0,45.7,319962.0
2015-01-15,46.0,47.5,42.15,45.65,103198.0
2015-01-16,46.6,46.6,43.9,44.35,57398.0
2015-01-19,44.6,45.0,42.0,42.3,52476.0
2015-01-20,42.5,44.8,42.2,43.6,67217.0
2015-01-21,43.6,44.0,42.2,43.1,28818.0
2015-01-22,43.0,43.0,40.4,42.5,46766.0
2015-01-23,42.5,42.95,40.1,41.3,32714.0
2015-01-27,40.25,41.2,39.1,40.55,40002.0
2015-01-28,40.0,41.5,39.0,41.15,41930.0
2015-01-29,40.65,41.0,39.55,40.25,40327.0
2015-01-30,39.4,40.8,39.0,39.1,24678.0
2015-02-02,39.0,40.25,39.0,39.15,19889.0
2015-02-03,39.05,39.95,38.3,38.5,42886.0
2015-02-04,39.0,39.45,38.5,39.3,36198.0
2015-02-05,40.0,40.0,38.25,38.5,32503.0
2015-02-06,38.5,39.4,38.25,38.55,30880.0
2015-02-09,38.6,39.95,38.0,38.25,30369.0
2015-02-10,39.0,39.0,38.1,38.3,31861.0
2015-02-11,38.9,40.0,36.75,38.4,73405.0
2015-02-12,38.9,40.0,37.45,37.7,22541.0
2015-02-13,39.7,39.7,36.5,37.0,29719.0
2015-02-16,38.0,40.25,35.5,37.5,66317.0
2015-02-18,38.5,39.0,36.15,36.55,48472.0
2015-02-19,36.55,37.5,36.05,36.5,47223.0
2015-02-20,36.55,37.8,35.95,36.1,22197.0
2015-02-23,36.7,37.0,35.5,36.3,32539.0
2015-02-24,38.5,38.5,35.5,36.3,18803.0
2015-02-25,36.5,37.95,35.5,35.65,33931.0
2015-02-26,35.9,36.25,35.0,35.25,39422.0
2015-02-27,36.0,37.0,35.2,35.85,35887.0
2015-02-28,36.3,42.8,35.5,36.05,24481.0
2015-03-02,36.0,36.9,35.0,35.35,40025.0
2015-03-03,35.7,36.0,35.3,35.65,38004.0
2015-03-04,35.8,36.0,35.4,35.65,33908.0
2015-03-05,35.7,35.95,35.25,35.6,12808.0
2015-03-09,35.55,36.2,35.25,35.6,13870.0
2015-03-10,35.7,35.95,35.0,35.35,15804.0
2015-03-11,35.5,35.8,35.05,35.1,36521.0
2015-03-12,35.5,36.5,35.25,35.5,35479.0
2015-03-13,36.0,36.0,35.25,35.35,13287.0
2015-03-16,35.95,35.95,35.25,35.3,10373.0
2015-03-17,35.55,35.95,34.6,35.3,21547.0
2015-03-18,35.5,35.95,35.05,35.1,37646.0
2015-03-19,35.5,35.7,35.05,35.2,35215.0
2015-03-20,35.9,35.9,35.0,35.1,23011.0
2015-03-23,35.25,35.9,34.4,34.5,38282.0
2015-03-24,35.15,35.7,34.55,34.7,169783.0
2015-03-25,34.6,35.0,33.75,34.1,45637.0
2015-03-26,34.0,34.9,33.75,33.9,44920.0
2015-03-27,34.6,35.4,33.3,33.95,139638.0
2015-03-30,34.25,34.95,33.75,34.55,13182.0
2015-03-31,34.55,38.3,33.95,35.6,27313.0
2015-04-01,36.5,38.95,35.8,37.35,64023.0
2015-04-06,38.0,38.5,37.15,37.9,76750.0
2015-04-07,38.45,39.0,36.55,37.0,24470.0
2015-04-08,36.9,37.75,36.3,37.25,15200.0
2015-04-09,36.5,42.7,35.5,40.2,203863.0
2015-04-10,39.7,42.25,38.8,40.7,51565.0
2015-04-13,40.0,41.0,36.45,37.55,97369.0
2015-04-15,38.6,38.7,36.05,36.5,29856.0
2015-04-16,38.0,38.0,35.2,35.9,40274.0
2015-04-17,38.45,38.45,35.0,35.6,85731.0
2015-04-20,35.6,36.6,34.2,34.7,49180.0
2015-04-21,35.0,35.1,34.0,34.7,30544.0
2015-04-22,35.0,35.95,34.35,34.7,11880.0
2015-04-23,35.0,35.9,34.6,35.45,12421.0
2015-04-24,36.0,36.0,34.4,34.65,31082.0
2015-04-27,35.0,35.8,34.0,34.25,38550.0
2015-04-28,35.0,35.0,33.75,34.05,48966.0
2015-04-29,34.7,34.8,34.1,34.2,15014.0
2015-04-30,35.75,35.75,33.75,33.9,17586.0
2015-05-04,33.9,34.4,33.75,33.85,27909.0
2015-05-05,34.0,40.6,33.5,38.15,160758.0
2015-05-06,38.0,38.45,33.0,35.25,116203.0
2015-05-07,35.0,35.65,33.6,34.05,30904.0
2015-05-08,34.8,35.35,33.55,33.85,36569.0
2015-05-11,34.0,34.6,33.6,33.85,16268.0
2015-05-12,34.25,34.25,33.55,33.75,44758.0
2015-05-13,33.75,34.4,33.5,33.65,25784.0
2015-05-14,33.75,33.95,33.55,33.55,13330.0
2015-05-15,34.25,34.25,33.25,33.25,23344.0
2015-05-18,33.5,33.6,33.25,33.3,12296.0
2015-05-19,33.5,34.8,33.25,33.55,56716.0
2015-05-20,33.5,34.5,33.5,33.65,85420.0
2015-05-21,33.7,34.2,33.55,33.65,11430.0
2015-05-22,33.7,34.0,33.5,33.8,14972.0
2015-05-25,33.5,33.95,33.35,33.9,11071.0
2015-05-26,33.95,34.35,33.35,34.25,36947.0
2015-05-27,34.25,35.25,33.3,33.95,182756.0
2015-05-28,33.9,33.9,32.0,32.85,33695.0
2015-05-29,33.25,33.8,32.8,33.35,11136.0
2015-06-01,33.8,33.8,32.05,32.25,17196.0
2015-06-02,32.7,32.8,32.0,32.15,54086.0
2015-06-03,32.5,32.5,31.65,32.4,31062.0
2015-06-04,32.15,32.5,32.0,32.3,42122.0
2015-06-05,32.3,33.0,31.75,32.35,16297.0
2015-06-08,32.35,33.95,32.0,33.35,153588.0
2015-06-09,33.9,34.0,31.1,33.0,72459.0
2015-06-10,33.45,33.5,32.55,33.0,21911.0
2015-06-11,34.5,34.5,32.3,33.45,63398.0
2015-06-12,33.0,34.5,32.0,33.95,16684.0
2015-06-15,33.9,33.9,31.35,32.35,54257.0
2015-06-16,32.4,33.4,31.0,32.4,54011.0
2015-06-17,32.95,33.5,32.0,32.3,66146.0
2015-06-18,33.0,33.0,32.1,32.2,35089.0
2015-06-19,32.0,33.45,31.7,32.9,35533.0
2015-06-22,33.0,33.0,31.85,31.95,24591.0
2015-06-23,32.0,32.5,31.7,31.85,43718.0
2015-06-24,32.4,32.7,31.1,32.25,19595.0
2015-06-25,32.25,32.5,31.55,31.95,33551.0
2015-06-26,32.0,36.0,31.5,31.6,32818.0
2015-06-29,31.6,32.3,31.25,31.6,22092.0
2015-06-30,32.9,33.15,31.6,32.85,51246.0
2015-07-01,33.0,33.35,31.8,31.95,29363.0
2015-07-02,32.7,32.75,31.85,31.9,35751.0
2015-07-03,32.35,32.4,31.75,32.15,13035.0
2015-07-06,31.65,32.9,31.65,31.85,25504.0
2015-07-07,32.0,32.9,31.75,32.0,45904.0
2015-07-08,32.3,32.4,31.05,31.65,21728.0
2015-07-09,32.4,32.55,31.35,31.55,43645.0
2015-07-10,32.85,32.85,30.5,30.65,41010.0
2015-07-13,31.25,31.25,30.5,30.7,22138.0
2015-07-14,31.0,31.45,30.55,30.75,44436.0
2015-07-15,30.85,31.45,30.6,30.75,50904.0
2015-07-16,30.85,31.2,30.25,30.6,44084.0
2015-07-17,30.8,30.85,30.35,30.45,20451.0
2015-07-20,30.6,30.9,30.3,30.4,19392.0
2015-07-21,31.0,31.0,29.3,30.05,67109.0
2015-07-22,30.45,30.45,29.6,30.0,52043.0
2015-07-23,32.7,32.7,29.7,30.4,27053.0
2015-07-24,30.95,30.95,29.8,29.9,39541.0
2015-07-27,30.5,30.5,29.0,29.65,18026.0
2015-07-28,29.25,30.45,29.25,29.7,47736.0
2015-07-29,30.0,30.35,28.5,29.4,43949.0
2015-07-30,29.7,29.75,28.6,29.1,21891.0
2015-07-31,29.1,29.35,28.5,28.8,37312.0
2015-08-03,29.0,29.55,28.5,28.8,41444.0
2015-08-04,28.7,29.9,28.6,29.2,54804.0
2015-08-05,29.4,30.4,29.0,29.6,34260.0
2015-08-06,29.9,31.5,27.75,28.1,54669.0
2015-08-07,28.9,33.7,28.5,31.85,387577.0
2015-08-10,30.7,30.8,28.55,28.8,85952.0
2015-08-11,29.4,30.65,28.25,28.4,122349.0
2015-08-12,28.9,29.4,28.0,28.2,39296.0
2015-08-13,28.3,28.95,27.2,27.6,63348.0
2015-08-14,28.4,28.8,27.25,27.75,41699.0
2015-08-17,28.5,28.5,27.1,27.8,29387.0
2015-08-18,28.2,28.2,27.15,27.4,30252.0
2015-08-19,27.7,27.8,27.15,27.3,21121.0
2015-08-20,27.5,27.65,26.85,27.0,58129.0
2015-08-21,26.05,27.4,26.05,26.65,20467.0
2015-08-24,26.25,26.75,25.4,25.5,26137.0
2015-08-25,25.5,26.0,24.9,25.4,30846.0
2015-08-26,25.75,26.9,25.5,25.8,11277.0
2015-08-27,26.6,26.9,25.0,25.6,47907.0
2015-08-28,26.2,26.5,25.4,26.1,30717.0
2015-08-31,26.4,26.5,25.5,26.25,24392.0
2015-09-01,25.45,27.3,25.0,25.3,26473.0
2015-09-02,25.5,26.8,25.0,25.8,24072.0
2015-09-03,26.4,27.0,25.4,25.75,50875.0
2015-09-04,26.3,26.3,25.0,25.55,25742.0
2015-09-07,25.95,26.15,24.9,25.1,29188.0
2015-09-08,25.5,25.5,25.0,25.45,23726.0
2015-09-09,25.6,26.0,25.45,25.8,23111.0
2015-09-10,25.55,26.0,25.05,25.5,27938.0
2015-09-11,25.85,25.95,25.15,25.35,51863.0
2015-09-14,25.5,25.95,25.15,25.75,16142.0
2015-09-15,25.6,26.0,25.2,25.3,53846.0
2015-09-16,25.5,25.6,25.1,25.4,48708.0
2015-09-18,25.5,25.8,25.15,25.5,39619.0
2015-09-21,26.4,26.4,25.0,25.4,21678.0
2015-09-22,25.55,25.85,25.1,25.2,36108.0
2015-09-23,25.3,25.3,24.5,25.05,32043.0
2015-09-24,25.5,25.5,24.95,25.0,27482.0
2015-09-28,25.55,25.8,25.0,25.05,13996.0
2015-09-29,25.4,25.5,24.95,25.1,31149.0
2015-09-30,25.55,25.55,25.0,25.1,12962.0
2015-10-01,25.7,25.7,24.75,25.0,23159.0
2015-10-05,25.4,25.6,25.0,25.45,24336.0
2015-10-06,25.65,26.45,25.15,25.55,49165.0
2015-10-07,25.85,25.95,25.5,25.75,30658.0
2015-10-08,25.5,26.5,25.5,25.6,25044.0
2015-10-09,25.25,25.9,25.2,25.65,16273.0
2015-10-12,25.85,26.1,25.4,25.85,32684.0
2015-10-13,25.8,30.5,25.5,29.45,303020.0
2015-10-14,29.7,32.45,25.8,29.95,645869.0
2015-10-15,30.45,31.25,29.8,30.4,476248.0
2015-10-16,30.7,30.75,29.95,30.3,182884.0
2015-10-19,30.3,32.2,30.1,32.0,268121.0
2015-10-20,31.95,32.3,31.35,31.6,269907.0
2015-10-21,32.0,32.0,31.2,31.35,134687.0
2015-10-23,32.0,32.0,31.05,31.3,137195.0
2015-10-26,31.8,31.9,30.75,30.9,234032.0
2015-10-27,31.0,31.5,30.8,31.35,142542.0
2015-10-28,31.4,31.4,29.6,30.55,152734.0
2015-10-29,30.55,30.65,27.5,28.25,138476.0
2015-10-30,29.0,32.0,28.0,30.2,706206.0
2015-11-02,29.3,30.95,29.3,30.3,209622.0
2015-11-03,30.0,30.6,29.5,30.0,160327.0
2015-11-04,29.9,30.9,29.9,30.2,176214.0
2015-11-05,30.45,30.5,29.5,29.85,137253.0
2015-11-06,30.4,30.4,29.15,29.55,94413.0
2015-11-09,29.9,30.9,29.0,30.0,188725.0
2015-11-10,30.95,30.95,29.65,29.9,131338.0
2015-11-11,30.65,30.65,29.2,29.8,7570.0
2015-11-13,30.45,30.45,28.6,29.3,57193.0
2015-11-16,29.0,29.8,27.55,28.55,169790.0
2015-11-17,29.0,29.4,27.95,27.95,60777.0
2015-11-18,28.7,29.5,27.4,27.75,242201.0
2015-11-19,28.65,28.7,27.9,28.0,34227.0
2015-11-20,28.75,28.75,27.55,28.05,48343.0
2015-11-23,28.8,28.95,27.3,27.45,148143.0
2015-11-24,27.85,28.25,27.15,27.3,24446.0
2015-11-26,27.25,28.2,27.25,27.5,118163.0
2015-11-27,27.75,27.85,27.35,27.45,63788.0
2015-11-30,27.9,27.9,27.25,27.35,35183.0
2015-12-01,27.2,27.8,26.8,27.5,65499.0
2015-12-02,27.65,30.35,27.2,29.1,131876.0
2015-12-03,29.45,30.35,28.8,29.0,105247.0
2015-12-04,29.75,29.75,28.5,28.75,48937.0
2015-12-07,29.0,29.5,27.2,28.3,69551.0
2015-12-08,27.55,29.65,27.55,28.2,32919.0
2015-12-09,28.5,28.5,27.25,27.45,31132.0
2015-12-10,27.3,27.9,27.0,27.35,71203.0
2015-12-11,27.0,27.75,26.9,27.25,56592.0
2015-12-14,26.2,27.75,26.2,27.25,63204.0
2015-12-15,26.6,29.8,26.6,28.05,205248.0
2015-12-16,28.45,28.7,27.6,27.8,24397.0
2015-12-17,28.15,28.5,27.7,28.2,39747.0
2015-12-18,28.9,29.5,27.85,27.95,82044.0
2015-12-21,27.45,28.7,27.45,27.9,83591.0
2015-12-22,28.25,28.5,27.7,28.05,158072.0
2015-12-23,28.35,29.4,28.3,29.05,159542.0
2015-12-24,29.5,33.3,28.7,31.85,317563.0
2015-12-28,31.9,34.9,31.8,33.1,252941.0
2015-12-29,33.5,34.4,32.15,33.0,106334.0
2015-12-30,32.25,38.45,32.25,36.55,784559.0
2015-12-31,36.65,38.75,36.25,36.5,381632.0
2016-01-01,36.0,36.3,34.6,35.2,73518.0
2016-01-04,35.55,37.5,34.75,35.9,258669.0
2016-01-05,36.45,36.7,35.4,35.55,74075.0
2016-01-06,35.95,36.5,35.7,35.75,83594.0
2016-01-07,35.9,35.9,33.05,34.1,53613.0
2016-01-08,34.5,36.0,34.5,35.05,97928.0
2016-01-11,34.9,37.0,34.5,36.55,123972.0
2016-01-12,36.5,39.3,35.8,36.2,235040.0
2016-01-13,37.1,37.65,30.0,33.5,216155.0
2016-01-14,31.2,33.8,31.0,32.75,62719.0
2016-01-15,33.25,34.5,30.55,31.0,54109.0
2016-01-18,29.8,31.0,27.7,28.1,64843.0
2016-01-19,28.8,30.05,27.2,29.2,48353.0
2016-01-20,29.7,30.0,27.0,28.1,37853.0
2016-01-21,28.75,29.3,25.35,26.35,215398.0
2016-01-22,27.0,27.2,26.5,26.75,45014.0
2016-01-25,27.25,27.8,26.95,27.55,54044.0
2016-01-27,28.0,28.0,27.15,27.3,16225.0
2016-01-28,27.5,27.5,26.7,26.9,65673.0
2016-01-29,26.8,27.65,26.8,27.3,16716.0
2016-02-01,27.7,28.3,27.05,27.75,34694.0
2016-02-02,28.0,28.75,27.15,27.55,26191.0
2016-02-03,28.15,28.15,26.05,26.5,19357.0
2016-02-04,26.5,27.7,26.05,26.1,11825.0
2016-02-05,26.0,26.6,26.0,26.5,9291.0
2016-02-08,26.15,27.1,26.0,26.4,11366.0
2016-02-09,26.45,26.8,25.7,26.6,5248.0
2016-02-10,26.0,28.75,26.0,27.6,65049.0
2016-02-11,28.65,29.35,26.25,26.55,80235.0
2016-02-12,27.05,28.0,26.0,26.4,25738.0
2016-02-15,27.0,29.9,26.95,28.15,54313.0
2016-02-16,29.25,29.25,27.1,27.25,15293.0
2016-02-17,27.75,27.75,25.7,26.55,49061.0
2016-02-18,27.0,27.25,26.25,26.65,33881.0
2016-02-19,26.8,27.75,26.5,26.9,14514.0
2016-02-22,27.8,27.8,26.1,26.65,50312.0
2016-02-23,27.5,27.5,26.35,26.55,4840.0
2016-02-24,26.1,26.25,25.8,26.2,10534.0
2016-02-25,26.25,26.5,25.0,25.45,17346.0
2016-02-26,25.8,26.95,25.7,26.4,7345.0
2016-02-29,26.0,27.25,25.7,26.1,12609.0
2016-03-01,26.8,27.25,26.1,27.0,61467.0
2016-03-02,26.7,27.6,26.7,27.15,38434.0
2016-03-03,27.7,27.7,26.5,27.3,18063.0
2016-03-04,27.55,27.8,27.0,27.25,20477.0
2016-03-08,27.25,27.7,27.0,27.2,12526.0
2016-03-09,27.4,27.4,26.5,26.85,9749.0
2016-03-10,27.6,27.6,26.2,26.75,28534.0
2016-03-11,27.25,27.25,26.2,26.45,15277.0
2016-03-14,27.2,27.75,26.9,27.6,48910.0
2016-03-15,28.45,28.45,26.9,27.6,17151.0
2016-03-16,28.0,28.75,27.6,28.65,45539.0
2016-03-17,29.0,30.0,28.4,28.85,10153.0
2016-03-18,29.8,29.8,28.0,28.45,4490.0
2016-03-21,29.4,29.4,28.15,28.6,6678.0
2016-03-22,28.8,28.8,27.1,28.45,13277.0
2016-03-23,28.65,28.8,28.1,28.45,2890.0
2016-03-28,27.55,28.9,27.5,27.55,42375.0
2016-03-29,27.55,28.5,26.9,27.3,82651.0
2016-03-30,27.9,28.0,27.4,27.5,22826.0
2016-03-31,27.8,28.95,27.75,28.15,14623.0
2016-04-01,27.95,29.15,27.5,28.5,32780.0
2016-04-04,28.9,28.9,28.1,28.45,13002.0
2016-04-05,30.7,30.7,28.1,28.9,13674.0
2016-04-06,28.5,30.6,28.5,29.95,21527.0
2016-04-07,29.4,35.3,29.4,32.75,146241.0
2016-04-08,32.4,33.5,31.6,32.4,17422.0
2016-04-11,32.95,32.95,31.45,31.65,13339.0
2016-04-12,32.0,32.0,31.1,31.25,14816.0
2016-04-13,31.8,35.9,31.2,35.0,396181.0
2016-04-18,34.95,36.0,33.5,34.2,82109.0
2016-04-20,35.45,35.45,33.25,33.75,30807.0
2016-04-21,33.9,35.0,32.25,33.0,48174.0
2016-04-22,32.2,33.3,32.15,32.4,27303.0
2016-04-25,32.5,32.8,32.0,32.25,18081.0
2016-04-26,31.5,33.4,31.5,32.05,9142.0
2016-04-27,32.7,33.0,31.55,32.4,30177.0
2016-04-28,34.4,34.4,31.5,31.95,17759.0
2016-04-29,32.4,32.4,31.4,31.7,36877.0
2016-05-02,31.75,32.35,31.4,32.0,13288.0
2016-05-03,31.55,34.8,31.4,32.6,43985.0
2016-05-04,32.8,32.8,31.65,32.0,34126.0
2016-05-05,32.4,32.4,31.5,32.0,18833.0
2016-05-06,32.3,32.8,31.55,32.2,28846.0
2016-05-09,32.8,32.8,30.55,31.75,7661.0
2016-05-10,32.35,33.5,31.55,32.9,36840.0
2016-05-11,32.5,33.75,31.2,31.7,20810.0
2016-05-12,32.5,32.5,31.75,32.3,24031.0
2016-05-13,32.3,33.7,31.8,32.7,12513.0
2016-05-16,33.45,33.9,32.75,33.15,40146.0
2016-05-17,33.4,33.45,32.5,32.5,10195.0
2016-05-18,33.35,33.35,32.0,32.75,5311.0
2016-05-19,32.8,32.8,32.1,32.6,21953.0
2016-05-20,32.1,32.6,31.75,31.8,8905.0
2016-05-23,32.2,34.0,29.3,30.9,80690.0
2016-05-24,30.8,30.85,28.8,29.25,14229.0
2016-05-25,30.35,30.7,29.0,29.15,20869.0
2016-05-26,29.15,30.0,28.0,28.25,95483.0
2016-05-27,28.3,29.2,28.05,28.25,31468.0
2016-05-30,28.65,29.2,28.1,28.3,17657.0
2016-05-31,28.65,28.8,27.7,28.55,21378.0
2016-06-01,28.5,29.0,28.4,28.5,37348.0
2016-06-02,27.85,29.5,27.85,28.6,10367.0
2016-06-03,28.55,28.8,28.05,28.4,9963.0
2016-06-06,28.25,28.95,27.55,28.35,11945.0
2016-06-07,28.25,28.5,27.5,28.05,40357.0
2016-06-08,28.45,28.45,27.7,28.3,8045.0
2016-06-09,28.55,28.6,27.5,27.9,24309.0
2016-06-10,28.75,30.0,28.0,28.4,25806.0
2016-06-13,28.75,28.75,28.05,28.7,25354.0
2016-06-14,28.75,29.3,28.35,28.65,26257.0
2016-06-15,29.2,30.6,28.35,29.75,80109.0
2016-06-16,29.8,30.2,29.25,29.9,32728.0
2016-06-17,29.9,30.25,29.2,29.3,10631.0
2016-06-20,29.1,30.2,28.65,29.55,18560.0
2016-06-21,30.2,30.2,28.65,29.3,33990.0
2016-06-22,29.3,29.7,28.7,28.8,13332.0
2016-06-23,29.45,30.4,28.5,29.4,20064.0
2016-06-24,28.7,28.95,28.0,28.65,17643.0
2016-06-27,28.55,29.0,28.55,28.65,20903.0
2016-06-28,29.2,30.0,28.5,28.7,33426.0
2016-06-29,28.8,30.5,28.8,29.6,68389.0
2016-06-30,30.4,30.4,29.65,29.7,26432.0
2016-07-01,30.4,31.2,29.6,30.05,89359.0
2016-07-04,30.5,30.5,29.65,29.8,22863.0
2016-07-05,29.6,31.0,29.6,30.35,26244.0
2016-07-07,30.85,30.85,29.7,29.8,29020.0
2016-07-08,29.75,30.4,29.5,29.9,33256.0
2016-07-11,30.45,30.5,29.0,30.0,30012.0
2016-07-12,29.95,30.25,29.2,29.6,17920.0
2016-07-13,30.35,30.35,28.55,29.4,22105.0
2016-07-14,29.15,29.5,28.5,29.05,14414.0
2016-07-15,29.6,29.8,28.75,29.25,25890.0
2016-07-18,29.55,29.55,28.5,28.65,14699.0
2016-07-19,28.75,29.65,28.0,28.5,15281.0
2016-07-20,28.65,28.75,28.0,28.6,28749.0
2016-07-21,28.8,29.65,28.15,28.45,6716.0
2016-07-22,28.8,29.15,28.05,28.55,16318.0
2016-07-25,28.1,29.0,28.1,28.95,18470.0
2016-07-26,29.05,29.3,28.4,28.85,15361.0
2016-07-27,29.4,31.0,29.35,29.8,36072.0
2016-07-28,30.4,30.8,29.7,30.15,20958.0
2016-07-29,30.1,30.15,29.1,29.3,31393.0
2016-08-01,29.7,29.7,28.5,28.85,25966.0
2016-08-02,29.6,30.9,29.1,29.35,20834.0
2016-08-03,29.85,31.0,28.65,29.8,39790.0
2016-08-04,29.8,30.55,29.8,29.9,21803.0
2016-08-05,29.75,30.5,29.6,29.85,17227.0
2016-08-08,30.3,35.8,29.7,35.7,321141.0
2016-08-09,42.8,42.8,38.1,39.0,1144140.0
2016-08-10,39.9,41.65,37.05,39.45,419348.0
2016-08-11,39.6,41.8,38.3,39.6,639938.0
2016-08-12,40.0,45.0,39.2,39.85,1738322.0
2016-08-16,40.4,40.4,37.3,39.2,350353.0
2016-08-17,38.5,40.75,36.8,38.6,565195.0
2016-08-18,39.25,39.9,38.25,39.45,201792.0
2016-08-19,39.85,39.95,38.6,39.25,190821.0
2016-08-22,39.45,40.4,38.65,39.2,133495.0
2016-08-23,39.7,39.7,38.5,38.9,159354.0
2016-08-24,38.65,39.55,38.65,39.35,52451.0
2016-08-25,39.5,39.7,38.4,38.6,78670.0
2016-08-26,39.0,39.5,38.25,38.7,82097.0
2016-08-29,38.7,38.7,37.25,37.7,107618.0
2016-08-30,38.4,38.45,37.65,38.05,58395.0
2016-08-31,38.8,39.0,37.8,38.2,124786.0
2016-09-01,37.5,38.8,36.05,36.3,141885.0
2016-09-02,37.4,37.7,36.2,37.45,88586.0
2016-09-06,37.6,37.75,36.6,36.95,218574.0
2016-09-07,37.9,38.45,34.4,37.45,200703.0
2016-09-08,36.8,38.15,36.5,37.55,186388.0
2016-09-09,37.2,38.25,37.0,37.55,178696.0
2016-09-12,36.95,38.0,36.2,36.65,154505.0
2016-09-14,37.55,37.55,36.25,36.7,169046.0
2016-09-15,37.2,37.45,36.35,36.65,54444.0
2016-09-16,37.9,40.95,36.3,37.45,602703.0
2016-09-19,37.5,38.3,36.4,36.85,151567.0
2016-09-20,37.4,39.0,33.9,37.0,191700.0
2016-09-21,37.4,37.5,36.3,36.75,170085.0
2016-09-22,36.7,39.5,36.7,38.95,309001.0
2016-09-23,38.1,39.6,37.85,38.3,135931.0
2016-09-26,38.85,39.3,37.75,38.15,190339.0
2016-09-27,38.8,39.05,38.2,38.3,46735.0
2016-09-28,38.7,39.0,37.5,38.25,174582.0
2016-09-29,38.9,39.75,33.05,35.15,232740.0
2016-09-30,34.5,36.9,34.5,36.45,68543.0
2016-10-03,37.25,37.4,36.5,36.7,107724.0
2016-10-04,36.6,36.9,36.0,36.2,103789.0
2016-10-05,36.4,36.8,36.0,36.4,88904.0
2016-10-06,36.75,37.35,36.2,36.5,104434.0
2016-10-07,36.45,36.75,36.05,36.4,76319.0
2016-10-10,36.5,36.6,30.6,35.7,252766.0
2016-10-13,35.7,36.0,34.6,35.2,176642.0
2016-10-14,35.9,38.85,35.7,37.8,158869.0
2016-10-17,37.8,38.9,36.55,38.05,182096.0
2016-10-18,38.45,39.0,38.2,38.55,157987.0
2016-10-19,38.8,41.0,38.1,39.0,310553.0
2016-10-20,39.5,40.6,38.0,39.0,247153.0
2016-10-21,39.2,42.0,38.85,39.45,830582.0
2016-10-24,39.7,41.0,39.25,39.9,396525.0
2016-10-25,39.55,40.3,39.0,39.6,147302.0
2016-10-26,38.8,40.95,38.8,39.65,385166.0
2016-10-27,40.0,40.0,38.05,38.5,118158.0
2016-10-28,38.2,40.95,38.15,39.95,410633.0
2016-10-30,41.0,41.55,40.35,40.65,255099.0
2016-11-01,40.3,42.75,40.3,41.75,602518.0
2016-11-02,41.5,41.5,36.7,40.0,245622.0
2016-11-03,40.55,44.25,40.2,42.55,996153.0
2016-11-04,43.3,43.7,39.75,41.0,610389.0
2016-11-07,46.0,46.9,42.9,43.15,905861.0
2016-11-08,43.8,44.0,41.6,42.15,249882.0
2016-11-09,36.0,41.4,34.25,40.8,367774.0
2016-11-10,42.3,42.8,40.4,40.9,202959.0
2016-11-11,39.5,40.5,38.6,39.05,175577.0
2016-11-15,39.0,39.5,35.0,36.15,212023.0
2016-11-16,36.35,37.5,35.6,36.15,75364.0
2016-11-17,35.2,36.65,33.75,34.0,166923.0
2016-11-18,35.0,35.1,33.95,34.55,49820.0
2016-11-21,35.15,35.15,31.4,32.35,87668.0
2016-11-22,33.5,33.5,32.05,32.6,47197.0
2016-11-23,34.25,35.0,33.0,34.35,49632.0
2016-11-24,34.75,34.95,33.25,34.7,42915.0
2016-11-25,35.5,36.0,34.3,35.45,106054.0
2016-11-28,36.0,36.45,35.1,35.75,55614.0
2016-11-29,36.0,36.9,35.2,35.65,104930.0
2016-11-30,36.4,36.4,35.5,35.7,91455.0
2016-12-01,36.2,36.2,35.2,35.4,59332.0
2016-12-02,35.0,35.25,34.1,34.25,32885.0
2016-12-05,33.9,34.7,31.2,34.2,107045.0
2016-12-06,34.8,35.8,34.0,35.2,92010.0
2016-12-07,35.5,35.6,34.5,34.8,48310.0
2016-12-08,35.5,36.6,34.3,36.3,64108.0
2016-12-09,36.45,36.95,36.1,36.6,55356.0
2016-12-12,37.1,37.1,35.6,35.75,35574.0
2016-12-13,36.35,36.35,35.4,35.7,21823.0
2016-12-14,36.3,36.3,33.55,34.0,73395.0
2016-12-15,33.8,35.5,33.8,35.0,29165.0
2016-12-16,35.5,35.5,34.65,35.0,14932.0
2016-12-19,35.4,35.4,34.5,34.6,70277.0
2016-12-20,35.0,35.1,34.0,34.6,27107.0
2016-12-21,34.9,34.9,33.7,34.05,17079.0
2016-12-22,34.5,34.75,33.5,34.2,25158.0
2016-12-23,34.8,34.8,33.0,33.7,73528.0
2016-12-26,33.4,33.4,31.75,31.85,57536.0
2016-12-27,32.45,32.75,31.6,32.15,22063.0
2016-12-28,32.6,33.2,31.9,32.35,44610.0
2016-12-29,31.9,32.75,31.9,32.3,15567.0
2016-12-30,32.55,33.6,32.15,32.95,62689.0
2017-01-02,33.4,34.3,33.0,33.85,77859.0
2017-01-03,34.5,34.9,33.7,33.95,61513.0
2017-01-04,34.7,35.5,34.2,34.7,56908.0
2017-01-05,35.4,35.8,34.5,35.55,23761.0
2017-01-06,36.2,36.2,34.1,34.45,36359.0
2017-01-09,34.8,35.7,31.3,33.7,74016.0
2017-01-10,34.0,34.55,33.1,34.3,32638.0
2017-01-11,34.75,38.5,34.2,37.25,336220.0
2017-01-12,37.5,38.1,35.8,36.15,69760.0
2017-01-13,36.5,37.0,35.0,36.25,74227.0
2017-01-16,37.95,41.6,37.5,40.2,824259.0
2017-01-17,41.25,43.6,41.0,41.45,1159207.0
2017-01-18,41.55,43.2,40.0,40.65,770554.0
2017-01-19,40.95,42.85,40.9,41.45,434665.0
2017-01-20,41.65,42.1,39.8,40.3,248164.0
2017-01-23,40.8,41.8,40.7,41.55,153277.0
2017-01-24,41.7,41.7,40.3,41.05,94420.0
2017-01-25,41.25,41.65,40.0,40.25,159913.0
2017-01-27,40.3,41.4,39.9,40.2,152739.0
2017-01-30,39.85,40.55,37.05,38.9,73281.0
2017-01-31,38.25,39.95,38.25,38.75,67161.0
2017-02-01,39.05,40.5,38.85,39.7,62889.0
2017-02-02,40.7,41.25,39.5,40.35,78213.0
2017-02-03,41.55,41.75,39.2,40.5,128152.0
2017-02-06,41.55,41.75,40.35,41.4,72128.0
2017-02-07,41.4,41.75,40.75,40.95,74624.0
2017-02-08,41.25,43.6,40.55,41.7,699501.0
2017-02-09,41.95,42.5,37.6,39.25,478350.0
2017-02-10,39.0,39.0,37.1,38.0,159597.0
2017-02-13,38.35,38.35,36.25,36.6,111913.0
2017-02-14,36.6,37.9,36.1,37.35,79294.0
2017-02-15,36.55,37.8,35.75,36.05,113210.0
2017-02-16,36.9,36.9,35.9,36.6,28489.0
2017-02-17,36.8,37.95,36.05,36.75,43004.0
2017-02-20,36.6,37.05,36.2,36.65,46760.0
2017-02-21,37.0,37.3,36.5,36.65,50146.0
2017-02-22,36.4,37.05,36.2,36.55,63675.0
2017-02-23,36.4,36.55,35.75,35.9,53842.0
2017-02-27,35.9,36.4,35.55,35.65,37521.0
2017-02-28,36.15,36.3,35.6,36.05,40594.0
2017-03-01,36.3,38.3,35.9,37.9,119559.0
2017-03-02,38.3,38.4,36.6,36.7,36854.0
2017-03-03,36.4,36.75,35.9,36.0,70179.0
2017-03-06,36.3,36.85,36.0,36.45,37322.0
2017-03-07,36.8,36.8,36.1,36.5,31955.0
2017-03-08,36.65,36.65,36.2,36.45,42490.0
2017-03-09,36.6,36.6,35.8,36.05,43668.0
2017-03-10,36.85,36.85,35.55,35.75,53423.0
2017-03-14,37.2,37.2,35.5,35.75,78797.0
2017-03-15,35.8,36.3,35.5,35.65,44483.0
2017-03-16,35.65,36.0,35.5,35.9,65785.0
2017-03-17,36.75,36.75,35.15,35.4,47811.0
2017-03-20,36.0,36.75,34.2,34.9,77310.0
2017-03-21,35.75,35.75,34.5,34.65,18571.0
2017-03-22,34.4,34.75,34.05,34.15,51479.0
2017-03-23,34.6,35.2,34.2,34.4,28657.0
2017-03-24,34.7,36.0,34.0,35.15,67340.0
2017-03-27,35.6,35.7,34.85,35.15,68453.0
2017-03-28,35.25,35.6,35.0,35.1,49925.0
2017-03-29,36.1,36.1,34.5,34.8,58623.0
2017-03-30,34.65,35.35,34.65,34.8,24653.0
2017-03-31,35.7,35.7,34.7,35.0,30074.0
2017-04-03,35.2,38.0,34.75,37.65,153831.0
2017-04-05,38.3,39.7,38.0,39.0,143253.0
2017-04-06,39.6,40.55,38.75,40.25,292100.0
2017-04-07,40.35,42.5,39.25,40.45,327072.0
2017-04-10,40.85,41.0,39.2,39.5,75535.0
2017-04-11,40.3,40.5,38.9,40.15,130722.0
2017-04-12,40.15,40.65,39.1,39.6,68025.0
2017-04-13,40.35,47.5,39.15,47.5,2197427.0
2017-04-17,47.9,48.7,42.5,44.65,1165774.0
2017-04-18,45.0,45.9,42.9,43.3,323559.0
2017-04-19,43.5,43.75,42.5,42.95,130694.0
2017-04-20,43.1,44.5,42.9,43.25,157311.0
2017-04-21,43.7,44.9,43.25,43.8,127717.0
2017-04-24,43.8,49.4,43.8,47.0,1078221.0
2017-04-25,47.2,48.0,45.6,46.2,251727.0
2017-04-26,47.9,47.9,45.15,45.55,152666.0
2017-04-27,45.8,45.85,44.5,44.8,132748.0
2017-04-28,44.35,44.8,43.55,43.9,90170.0
2017-05-02,44.0,45.0,43.0,43.25,93115.0
2017-05-03,43.8,43.8,42.9,43.0,64815.0
2017-05-04,43.6,45.6,42.65,43.7,119735.0
2017-05-05,43.8,43.8,42.05,42.2,106732.0
2017-05-08,42.4,42.8,42.0,42.5,58298.0
2017-05-09,42.7,43.95,42.45,42.85,56144.0
2017-05-10,43.2,43.8,42.5,43.0,41165.0
2017-05-11,43.6,43.6,42.5,42.65,48737.0
2017-05-12,43.2,43.4,40.95,41.2,75641.0
2017-05-15,41.75,42.35,40.7,41.7,40124.0
2017-05-16,41.3,42.3,41.1,41.7,34221.0
2017-05-17,41.4,43.0,40.2,40.4,102596.0
2017-05-18,40.0,41.5,40.0,40.55,65370.0
2017-05-19,40.9,41.95,40.05,40.1,48066.0
2017-05-22,39.5,41.25,39.5,40.05,39623.0
2017-05-23,40.2,40.3,38.5,39.7,58927.0
2017-05-24,39.2,39.95,38.0,38.45,57709.0
2017-05-25,38.55,40.0,37.1,39.25,74187.0
2017-05-26,38.75,39.5,38.05,38.3,82845.0
2017-05-29,38.3,38.8,37.05,37.3,39108.0
2017-05-30,36.7,37.75,36.3,36.45,26736.0
2017-05-31,36.4,37.8,36.05,37.25,40783.0
2017-06-01,36.6,38.7,36.6,38.15,54975.0
2017-06-02,38.75,38.75,38.0,38.4,24553.0
2017-06-05,38.95,39.5,38.1,38.2,23924.0
2017-06-06,38.9,39.5,38.2,38.4,21767.0
2017-06-07,38.7,39.15,38.25,38.35,18121.0
2017-06-08,38.7,39.3,38.05,38.75,28748.0
2017-06-09,39.2,39.5,38.55,38.9,11460.0
2017-06-12,38.05,42.5,38.05,41.25,305366.0
2017-06-13,41.55,41.55,40.2,40.25,41149.0
2017-06-14,41.85,41.85,39.5,39.75,21319.0
2017-06-15,41.15,41.15,39.5,40.0,19869.0
2017-06-16,39.6,40.5,38.65,39.15,65494.0
2017-06-19,39.2,40.2,38.65,39.1,38282.0
2017-06-20,38.35,39.6,38.35,38.95,57024.0
2017-06-21,39.5,41.45,38.8,39.25,22209.0
2017-06-22,39.1,39.25,38.5,39.0,16643.0
2017-06-23,39.4,39.9,38.2,38.35,41131.0
2017-06-27,39.5,39.5,37.0,37.05,23486.0
2017-06-28,37.8,37.8,36.15,36.85,27130.0
2017-06-29,37.8,38.7,37.2,38.05,29271.0
2017-06-30,38.7,38.7,37.5,37.85,19037.0
2017-07-03,38.3,38.85,37.7,38.0,50183.0
2017-07-04,38.75,38.75,37.8,38.5,21754.0
2017-07-05,40.0,40.0,37.2,39.0,61653.0
2017-07-06,38.9,39.4,38.9,39.0,35721.0
2017-07-07,39.05,39.65,38.9,39.05,20661.0
2017-07-10,40.3,41.2,39.2,40.75,22313.0
2017-07-11,41.0,44.8,39.65,42.35,692253.0
2017-07-12,42.75,43.9,40.35,41.8,286890.0
2017-07-13,42.25,42.85,40.5,41.1,186308.0
2017-07-14,41.4,41.4,39.5,39.75,128698.0
2017-07-17,40.5,40.6,39.5,39.7,97933.0
2017-07-18,39.75,41.35,39.45,39.85,77457.0
2017-07-19,39.9,40.5,39.8,40.0,54825.0
2017-07-20,40.45,40.45,39.6,39.8,34412.0
2017-07-21,40.3,40.5,39.2,39.7,30519.0
2017-07-24,39.7,40.0,38.75,39.1,60438.0
2017-07-25,39.25,39.8,39.0,39.0,36545.0
2017-07-26,39.1,41.25,38.4,39.85,46705.0
2017-07-27,41.8,41.8,38.5,38.65,79272.0
2017-07-28,38.9,39.5,38.35,38.9,191713.0
2017-07-31,39.25,39.4,38.4,38.55,58814.0
2017-08-01,38.95,40.0,38.4,38.5,37744.0
2017-08-02,39.0,39.1,37.3,37.65,32154.0
2017-08-03,38.8,38.8,36.7,37.1,33772.0
2017-08-04,37.45,37.9,36.5,36.7,37521.0
2017-08-07,37.5,37.5,36.3,36.75,26569.0
2017-08-08,36.9,37.0,35.75,35.8,59820.0
2017-08-09,36.4,36.4,35.4,36.0,32370.0
2017-08-10,36.6,36.65,34.85,34.95,53280.0
2017-08-11,34.2,34.9,33.1,33.85,41502.0
2017-08-14,37.85,37.85,34.1,34.6,42264.0
2017-08-16,35.0,35.0,34.1,34.5,13743.0
2017-08-17,35.3,35.3,34.3,34.55,26384.0
2017-08-18,34.8,34.95,34.1,34.3,21606.0
2017-08-21,34.3,34.85,33.8,33.9,22543.0
2017-08-22,33.75,35.0,33.55,33.75,137861.0
2017-08-23,34.7,35.0,33.6,33.7,21663.0
2017-08-24,34.7,34.7,33.9,34.0,15592.0
2017-08-28,34.4,34.45,33.85,34.25,20015.0
2017-08-29,34.4,36.7,34.25,35.65,108362.0
2017-08-30,36.2,37.05,35.7,36.8,64096.0
2017-08-31,36.85,37.7,36.0,37.45,31422.0
2017-09-01,37.8,39.75,37.4,39.15,73499.0
2017-09-04,39.85,40.8,38.8,39.75,122248.0
2017-09-05,39.75,40.5,37.95,38.75,101846.0
2017-09-06,38.0,39.0,37.6,38.5,30659.0
2017-09-07,39.0,39.6,38.1,38.25,38035.0
2017-09-08,37.85,38.8,37.5,37.75,23551.0
2017-09-11,37.8,38.3,37.1,38.05,55965.0
2017-09-12,38.3,39.4,38.3,38.5,29735.0
2017-09-13,38.65,38.8,37.4,37.55,24758.0
2017-09-14,38.1,38.1,37.1,37.3,21125.0
2017-09-15,38.2,39.3,37.7,38.65,88564.0
2017-09-18,38.65,40.5,38.1,39.9,94583.0
2017-09-19,40.35,43.65,39.4,41.5,295617.0
2017-09-20,42.0,43.55,41.5,41.8,153040.0
2017-09-21,42.4,44.9,39.75,42.8,192727.0
2017-09-22,42.0,42.25,39.4,40.1,115586.0
2017-09-25,40.35,40.35,38.2,38.75,77080.0
2017-09-26,39.0,39.7,38.1,38.75,63596.0
2017-09-27,38.25,39.8,37.1,37.25,91841.0
2017-09-28,36.6,38.45,36.6,37.45,60916.0
2017-09-29,37.9,44.0,37.5,41.7,834826.0
2017-10-03,42.5,46.4,41.05,44.0,683112.0
2017-10-04,44.2,44.6,42.0,42.15,172393.0
2017-10-05,42.35,44.8,41.65,43.3,112869.0
2017-10-06,44.2,45.25,42.7,43.8,258650.0
2017-10-09,43.95,45.4,42.5,42.65,159015.0
2017-10-10,42.3,44.85,42.3,42.95,91510.0
2017-10-11,43.5,43.5,40.7,40.85,119635.0
2017-10-12,41.25,41.95,41.05,41.25,55147.0
2017-10-13,41.8,42.25,40.1,40.8,57168.0
2017-10-16,40.1,43.0,38.45,40.5,57525.0
2017-10-17,41.0,41.35,39.25,39.8,79873.0
2017-10-18,40.4,41.4,39.35,41.0,55039.0
2017-10-19,40.8,41.5,40.3,41.35,27516.0
2017-10-23,40.5,42.4,40.5,41.8,52451.0
2017-10-24,42.6,44.8,42.0,44.2,273645.0
2017-10-25,45.15,46.75,43.5,45.9,317453.0
2017-10-26,47.0,54.55,45.3,52.55,1951557.0
2017-10-27,53.5,56.8,50.3,50.8,1169267.0
2017-10-30,51.25,54.5,50.8,52.7,391186.0
2017-10-31,53.2,54.4,50.35,51.4,228471.0
2017-11-01,51.75,52.85,51.05,51.35,114655.0
2017-11-02,51.7,52.1,49.75,50.15,118258.0
2017-11-03,48.85,50.25,48.5,48.6,150953.0
2017-11-06,50.95,50.95,48.0,49.0,121271.0
2017-11-07,49.0,50.75,46.2,47.35,186565.0
2017-11-08,48.0,48.0,45.5,45.85,111817.0
2017-11-09,46.65,47.85,46.05,46.65,60276.0
2017-11-10,46.25,51.3,46.15,48.05,200758.0
2017-11-13,48.9,51.4,48.3,49.2,219937.0
2017-11-14,52.0,52.0,48.2,50.5,181976.0
2017-11-15,50.9,51.95,48.25,49.1,212277.0
2017-11-16,49.25,50.8,49.25,49.9,125047.0
2017-11-17,50.5,51.2,49.2,49.55,103411.0
2017-11-20,49.55,51.6,49.45,50.85,165285.0
2017-11-21,51.2,54.0,51.2,52.2,474808.0
2017-11-22,52.95,59.4,50.55,52.1,2699921.0
2017-11-23,51.95,54.7,50.1,52.05,632798.0
2017-11-24,52.15,53.45,51.35,51.9,194310.0
2017-11-27,52.25,54.2,51.65,52.8,305096.0
2017-11-28,52.9,61.7,52.9,59.4,2489935.0
2017-11-29,60.5,63.6,59.0,59.6,1002540.0
2017-11-30,59.45,59.45,57.45,58.3,300002.0
2017-12-01,59.0,61.75,57.0,57.7,341033.0
2017-12-04,58.3,60.6,55.0,55.8,222423.0
2017-12-05,55.65,55.65,53.65,54.55,192616.0
2017-12-06,54.45,55.0,53.1,53.6,172668.0
2017-12-07,53.05,57.95,53.05,55.9,342836.0
2017-12-08,56.4,57.0,54.1,54.65,196209.0
2017-12-11,54.65,55.5,54.65,54.9,128873.0
2017-12-12,55.0,55.4,53.7,54.1,58811.0
2017-12-13,53.9,58.9,53.0,55.65,412905.0
2017-12-14,56.0,56.5,54.0,54.45,145890.0
2017-12-15,55.9,58.5,55.1,56.5,204240.0
2017-12-18,56.25,57.75,52.5,55.65,243941.0
2017-12-19,56.4,57.9,55.55,56.8,198039.0
2017-12-20,56.95,60.85,56.05,58.85,536063.0
2017-12-21,59.3,61.9,58.05,59.95,436933.0
2017-12-22,60.3,61.7,58.8,59.1,348234.0
2017-12-26,59.55,63.8,58.5,62.7,1190872.0
2017-12-27,63.0,63.5,59.25,59.75,425550.0
2017-12-28,59.9,61.8,59.0,59.6,190557.0
2017-12-29,60.1,60.8,57.9,58.3,174410.0
2018-01-01,58.95,60.7,57.9,58.75,156506.0
2018-01-02,58.75,60.55,57.65,58.05,173946.0
2018-01-03,58.7,60.5,58.5,59.2,191320.0
2018-01-04,59.45,63.2,58.6,62.6,812025.0
2018-01-05,64.8,67.0,63.0,63.6,1129498.0
2018-01-08,64.0,64.25,61.05,61.65,298210.0
2018-01-09,62.15,64.7,60.0,62.5,509757.0
2018-01-10,62.6,63.3,60.25,60.95,183357.0
2018-01-11,60.95,62.5,60.3,61.1,162283.0
2018-01-12,61.7,62.3,57.0,59.8,227365.0
2018-01-15,61.0,61.6,59.1,59.7,106711.0
2018-01-16,60.45,60.45,57.55,57.7,146439.0
2018-01-17,56.55,57.65,55.4,57.15,134450.0
2018-01-18,60.0,60.0,55.05,55.7,98295.0
2018-01-19,56.2,56.2,54.7,55.0,76360.0
2018-01-22,55.75,56.5,54.55,55.85,83468.0
2018-01-23,56.05,61.45,56.05,60.55,552255.0
2018-01-24,60.5,60.5,57.1,57.65,185310.0
2018-01-25,57.45,57.6,56.15,56.4,102681.0
2018-01-29,57.2,57.2,53.2,53.8,128041.0
2018-01-30,54.25,54.25,52.0,52.25,95717.0
2018-01-31,52.25,53.1,52.0,52.75,75086.0
2018-02-01,53.0,53.0,50.5,52.15,53466.0
2018-02-02,51.55,55.0,47.75,48.55,160014.0
2018-02-05,48.55,48.55,45.25,48.0,162412.0
2018-02-06,45.2,47.1,42.55,45.2,124918.0
2018-02-07,46.5,49.9,46.5,49.15,135291.0
2018-02-08,49.6,52.35,49.5,52.0,106310.0
2018-02-09,50.9,57.5,48.9,54.0,115083.0
2018-02-12,53.65,56.95,53.5,54.35,112968.0
2018-02-14,56.15,57.05,54.45,55.1,135961.0
2018-02-15,55.5,57.4,53.2,53.95,244428.0
2018-02-16,54.3,54.35,51.55,52.15,79203.0
2018-02-19,53.0,53.0,50.0,50.25,71043.0
2018-02-20,50.4,52.0,50.2,51.0,49685.0
2018-02-21,51.75,52.0,50.05,50.35,46224.0
2018-02-22,50.35,51.35,49.0,50.25,43080.0
2018-02-23,50.8,53.0,49.5,51.85,238066.0
2018-02-26,53.8,53.95,50.2,50.85,638176.0
2018-02-27,51.35,52.3,50.0,50.6,103016.0
2018-02-28,50.5,51.5,50.25,50.5,59193.0
2018-03-01,51.6,51.6,50.0,50.15,48909.0
2018-03-05,50.15,50.7,48.6,48.7,58492.0
2018-03-06,49.0,49.95,47.05,47.2,81163.0
2018-03-07,47.35,47.35,45.0,45.15,80684.0
2018-03-08,45.65,45.75,44.4,44.75,81733.0
2018-03-09,45.0,46.0,42.3,42.55,105299.0
2018-03-12,44.65,48.35,41.1,46.85,507890.0
2018-03-13,47.4,53.75,47.05,51.5,908151.0
2018-03-14,51.0,52.6,49.7,51.2,205050.0
2018-03-15,51.45,53.45,50.6,52.0,178321.0
2018-03-16,51.75,52.0,50.5,50.65,68773.0
2018-03-19,51.35,51.8,48.3,49.0,67983.0
2018-03-20,48.1,50.95,47.0,48.7,193175.0
2018-03-21,49.15,50.55,48.0,48.45,111694.0
2018-03-22,48.25,49.1,46.6,46.95,70697.0
2018-03-23,45.85,48.9,44.7,46.95,193650.0
2018-03-26,48.8,50.0,46.05,48.6,124142.0
2018-03-27,50.6,50.7,47.5,48.15,118346.0
2018-03-28,48.15,49.8,47.45,49.1,85065.0
2018-04-02,49.5,50.9,49.2,49.75,48947.0
2018-04-03,50.0,50.8,49.0,49.9,113830.0
2018-04-04,50.1,52.3,49.0,49.3,193457.0
2018-04-05,50.0,51.0,49.55,49.95,79748.0
2018-04-06,50.25,51.1,49.2,49.45,60512.0
2018-04-09,49.9,50.45,48.55,48.95,106345.0
2018-04-10,49.45,49.45,48.65,48.7,46053.0
2018-04-11,48.75,49.4,48.45,48.65,29848.0
2018-04-12,48.8,48.85,47.9,48.1,33844.0
2018-04-13,48.7,55.25,48.25,54.25,722879.0
2018-04-16,53.75,54.75,52.5,53.0,246635.0
2018-04-17,53.45,53.45,51.6,51.85,93227.0
2018-04-18,52.45,53.1,51.0,51.95,93422.0
2018-04-19,52.7,52.7,50.0,51.0,54263.0
2018-04-20,51.0,53.3,50.55,52.1,112531.0
